{
  "ring_side_right": {
    "fx": 1691.2309070297588,
    "fy": 1691.2309070297588,
    "cx": 1029.1952904962493,
    "cy": 762.7415795766098,
    "width": 2048,
    "height": 1550,
    "k1": -0.2817630031101214,
    "k2": -0.04015752488577669,
    "k3": 0.10843630521888073,
    "qw": -0.052996405092278154,
    "qx": 0.05711370696115312,
    "qy": 0.7202715356065666,
    "qz": -0.6893027785519287,
    "tx_m": 1.309795078101075,
    "ty_m": -0.27270471628779935,
    "tz_m": 1.4047787261850953
  },
  "ring_front_right": {
    "fx": 1687.4074284005003,
    "fy": 1687.4074284005003,
    "cx": 1028.2981585013267,
    "cy": 765.7745640526166,
    "width": 2048,
    "height": 1550,
    "k1": -0.2795813448144499,
    "k2": -0.04563273170977058,
    "k3": 0.11229310724836823,
    "qw": 0.2660480486502653,
    "qx": -0.27357451393043,
    "qy": 0.6668066350529389,
    "qz": -0.6401127499015244,
    "tx_m": 1.546172722229263,
    "ty_m": -0.19988004705318854,
    "tz_m": 1.4063380709728477
  },
  "ring_front_center": {
    "fx": 1777.3341035021467,
    "fy": 1777.3341035021467,
    "cx": 778.2226738457372,
    "cy": 1016.2135063072495,
    "width": 1550,
    "height": 2048,
    "k1": -0.24358925276728224,
    "k2": -0.20579766495000962,
    "k3": 0.3220590772907029,
    "qw": 0.5008380482226428,
    "qx": -0.4986807387354458,
    "qy": 0.4986745052972978,
    "qz": -0.501799270658397,
    "tx_m": 1.6368501587787747,
    "ty_m": 0.002139529966941308,
    "tz_m": 1.4059079864120536
  },
  "ring_front_left": {
    "fx": 1688.8223693909035,
    "fy": 1688.8223693909035,
    "cx": 1026.4164613060275,
    "cy": 769.0582358276163,
    "width": 2048,
    "height": 1550,
    "k1": -0.27711343325407584,
    "k2": -0.05575328912834942,
    "k3": 0.12367290490890603,
    "qw": 0.6371868547530352,
    "qx": -0.6685798434701755,
    "qy": 0.2782478731711487,
    "qz": -0.2637650964609649,
    "tx_m": 1.5427575283222048,
    "ty_m": 0.2003867707302301,
    "tz_m": 1.3998782768319284
  },
  "ring_side_left": {
    "fx": 1688.5377861267002,
    "fy": 1688.5377861267002,
    "cx": 1025.9901363182837,
    "cy": 761.0887850991437,
    "width": 2048,
    "height": 1550,
    "k1": -0.2843678484792379,
    "k2": -0.02683908101635796,
    "k3": 0.09428585743241423,
    "qw": 0.6878292466405922,
    "qx": -0.7214505306634527,
    "qy": -0.05850523648278955,
    "qz": 0.054563692830957154,
    "tx_m": 1.302038831455423,
    "ty_m": 0.2751061516763058,
    "tz_m": 1.4068753985902747
  },
  "ring_rear_left": {
    "fx": 1687.5929252254768,
    "fy": 1687.5929252254768,
    "cx": 1030.338089104034,
    "cy": 771.1971238847099,
    "width": 2048,
    "height": 1550,
    "k1": -0.2792146640020328,
    "k2": -0.046183309228586766,
    "k3": 0.11224258802316125,
    "qw": 0.6033306005662692,
    "qx": -0.602088138958651,
    "qy": -0.3690005241111916,
    "qz": 0.3705680403803315,
    "tx_m": 1.0932793905922595,
    "ty_m": 0.13064408947915665,
    "tz_m": 1.4120240263983286
  },
  "ring_rear_right": {
    "fx": 1685.1103176666459,
    "fy": 1685.1103176666459,
    "cx": 1025.3633055234775,
    "cy": 770.6399857794801,
    "width": 2048,
    "height": 1550,
    "k1": -0.2764103571803431,
    "k2": -0.053078070154636725,
    "k3": 0.11807281161224316,
    "qw": -0.37191068702283386,
    "qx": 0.37013873728900193,
    "qy": 0.6013291900644662,
    "qz": -0.6025636573945694,
    "tx_m": 1.0940360121177342,
    "ty_m": -0.13723766463070822,
    "tz_m": 1.414624125977146
  }
}